<?xml version="1.0" encoding="UTF-8"?>
<ViewConfig>
  <Arguments/>
  <Context/>
  <Model>
    <DataType name="Files">
      <PropertyDef name="id"/>
      <PropertyDef name="name">
        <Property name="label">文件名</Property>
      </PropertyDef>
      <PropertyDef name="size">
        <Property name="label">大小</Property>
      </PropertyDef>
      <PropertyDef name="percent">
        <Property name="label">进度</Property>
      </PropertyDef>
      <PropertyDef name="status">
        <Property name="label">状态</Property>
        <Property name="mapping">
          <Property name="mapValues">
            <Collection>
              <Entity>
                <Property name="value">队列中</Property>
                <Property name="key">0</Property>
              </Entity>
              <Entity>
                <Property name="value">正在上传</Property>
                <Property name="key">2</Property>
              </Entity>
              <Entity>
                <Property name="value">失败</Property>
                <Property name="key">4</Property>
              </Entity>
              <Entity>
                <Property name="value">完成</Property>
                <Property name="key">5</Property>
              </Entity>
              <Entity>
                <Property name="value"></Property>
                <Property name="key">-1</Property>
              </Entity>
            </Collection>
          </Property>
        </Property>
        <Property name="dataType">int</Property>
        <Property name="defaultValue">-1</Property>
      </PropertyDef>
    </DataType>
  </Model>
  <View>
    <Property name="packages">font-awesome</Property>
    <Property name="title">文件上传下载范例</Property>
    <VerticalTabControl>
      <Property name="verticalText">true</Property>
      <ControlTab>
        <Property name="caption">文件上传</Property>
        <Property name="iconClass">fa fa-upload</Property>
        <TabControl>
          <Property name="tabPlacement">bottom</Property>
          <ControlTab>
            <Property name="caption">单文件上传</Property>
            <Container layout="anchor">
              <Panel layout="vbox" layoutConstraint="top:5;left:5">
                <Property name="width">280</Property>
                <Property name="height">180</Property>
                <Property name="caption">一键上传</Property>
                <Property name="ignored">false</Property>
                <Buttons>
                  <Button layoutConstraint="bottom">
                    <Property name="action">autoUploadAction</Property>
                    <Property name="iconClass">fa fa-upload</Property>
                    <Property name="caption">上传</Property>
                  </Button>
                </Buttons>
                <Children>
                  <AutoForm id="form">
                    <Property name="createPrivateDataSet">true</Property>
                    <Property name="labelWidth">60</Property>
                    <Property name="cols">*</Property>
                    <AutoFormElement>
                      <Property name="name">param1</Property>
                      <Property name="property">param1</Property>
                      <Property name="label">参数1</Property>
                      <Editor>
                        <TextEditor>
                          <Property name="blankText">参数</Property>
                        </TextEditor>
                      </Editor>
                    </AutoFormElement>
                    <AutoFormElement>
                      <Property name="name">param2</Property>
                      <Property name="property">param2</Property>
                      <Property name="label">参数2</Property>
                      <Editor>
                        <TextEditor>
                          <Property name="blankText">参数</Property>
                        </TextEditor>
                      </Editor>
                    </AutoFormElement>
                  </AutoForm>
                  <UploadAction id="autoUploadAction">
                    <Property name="maxFileSize">1MB</Property>
                    <Property name="fileResolver">myUploadProcessor#process1</Property>
                    <Filters>
                      <Filter>
                        <Property name="title">图片</Property>
                        <Property name="extensions">jpg,gif,png</Property>
                      </Filter>
                    </Filters>
                  </UploadAction>
                  <ProgressBar id="autoUploadProgressBar" layoutConstraint="type:top;top:50%;left:10;right:10">
                    <Property name="textPattern">{percent}%</Property>
                  </ProgressBar>
                </Children>
                <Tools/>
              </Panel>
            </Container>
          </ControlTab>
          <ControlTab>
            <Property name="caption">多文件上传</Property>
            <Container layout="anchor">
              <ToolBar>
                <ToolBarButton id="btnAdd">
                  <Property name="caption">添加文件</Property>
                  <Property name="action">batchUploadAction</Property>
                  <Property name="iconClass">fa fa-upload</Property>
                  <Property name="tags">batch</Property>
                  <Property name="tip">文件选择对话框可以一次选中多个文件</Property>
                </ToolBarButton>
                <ToolBarButton id="btnDelete">
                  <Property name="caption">删除文件</Property>
                  <Property name="iconClass">fa fa-times</Property>
                  <Property name="tags">batch</Property>
                </ToolBarButton>
                <Separator/>
                <ToolBarButton id="btnStartUpload">
                  <Property name="caption">开始上传</Property>
                  <Property name="iconClass">fa fa-play</Property>
                  <Property name="tags">batch</Property>
                </ToolBarButton>
                <ToolBarButton id="btnStopUpload">
                  <Property name="caption">停止上传</Property>
                  <Property name="iconClass">fa fa-stop</Property>
                  <Property name="disabled">true</Property>
                </ToolBarButton>
              </ToolBar>
              <DataGrid id="gridFiles1">
                <Property name="dataSet">dsFiles1</Property>
                <Property name="selectionMode">multiRows</Property>
                <RowNumColumn/>
                <RowSelectorColumn/>
                <DataColumn name="name">
                  <Property name="property">name</Property>
                  <Property name="editable">false</Property>
                  <Property name="readOnly">true</Property>
                </DataColumn>
                <DataColumn name="size">
                  <Property name="property">size</Property>
                  <Property name="editable">false</Property>
                  <Property name="align">right</Property>
                  <Property name="readOnly">true</Property>
                </DataColumn>
                <DataColumn name="percent">
                  <Property name="property">percent</Property>
                  <Property name="editable">false</Property>
                  <Property name="name">percent</Property>
                  <Property name="readOnly">true</Property>
                </DataColumn>
                <DataColumn name="status">
                  <Property name="property">status</Property>
                  <Property name="editable">false</Property>
                  <Property name="align">center</Property>
                  <Property name="readOnly">true</Property>
                </DataColumn>
              </DataGrid>
              <DataSet id="dsFiles1">
                <Property name="dataType">[Files]</Property>
              </DataSet>
              <UploadAction id="batchUploadAction">
                <ClientEvent name="onUploadComplete" signature="self,arg,btnStopUpload">view.set(&quot;^batch.disabled&quot;, false);&#xD;
	btnStopUpload.set(&quot;disabled&quot;, true);</ClientEvent>
                <ClientEvent name="onFileUploaded" signature="self,arg,dsFiles1">	var file = arg.file;&#xD;
	var entity = dsFiles1.getData(&quot;[@.get('id')=='&quot;+file.id+&quot;']&quot;);&#xD;
	entity.set('percent', 100);&#xD;
	entity.set('status', file.status);</ClientEvent>
                <ClientEvent name="onUploadProgress" signature="self,arg,dsFiles1">	var file = arg.file;&#xD;
	dsFiles1.getData(&quot;[@.get('id')=='&quot;+file.id+&quot;']&quot;).set('percent', file.percent);&#xD;
</ClientEvent>
                <ClientEvent name="onFilesAdded" signature="self,arg,dsFiles1">arg.files.each(function(file){&#xD;
		dsFiles1.insert({&#xD;
			id : file.id,&#xD;
			name : file.name,&#xD;
			size : file.size,&#xD;
			percent : file.percent,&#xD;
			status : file.status&#xD;
		});&#xD;
	});</ClientEvent>
                <ClientEvent name="beforeFileUpload" signature="self,arg,dsFiles1">var entity = dsFiles1.getData(&quot;[@.get('id')=='&quot;+arg.file.id+&quot;']&quot;);&#xD;
	//动态设置参数&#xD;
	self.set(&quot;parameter&quot;, {&#xD;
		fileName: entity.get(&quot;name&quot;)&#xD;
	});</ClientEvent>
                <Property name="maxFileSize">30MB</Property>
                <Property name="autoUpload">false</Property>
                <Property name="fileResolver">myUploadProcessor#process2</Property>
                <Property name="selectionMode">multiFiles</Property>
                <Filters/>
              </UploadAction>
            </Container>
          </ControlTab>
          <ControlTab>
            <Property name="caption">动态创建上传按钮</Property>
            <Container layout="padding:5">
              <Panel id="panel" layout="form cols:*,*">
                <Property name="caption">动态创建上传按钮</Property>
                <Property name="height">180</Property>
                <Property name="width">280</Property>
                <Buttons>
                  <Button id="btnDyna">
                    <Property name="caption">点我</Property>
                    <Property name="iconClass">fa fa-plus-square</Property>
                  </Button>
                </Buttons>
                <Children/>
                <Tools/>
              </Panel>
            </Container>
          </ControlTab>
          <ControlTab>
            <Property name="caption">表格中动态创建上传按钮</Property>
            <Container layout="anchor">
              <ToolBar>
                <DataPilot>
                  <Property name="itemCodes">+,-,x</Property>
                  <Property name="dataSet">dsFiles2</Property>
                </DataPilot>
              </ToolBar>
              <DataGrid id="gridFiles2">
                <Property name="dataSet">dsFiles2</Property>
                <RowNumColumn/>
                <DataColumn name="name">
                  <Property name="property">name</Property>
                  <Property name="editable">false</Property>
                  <Property name="readOnly">true</Property>
                </DataColumn>
                <DataColumn name="size">
                  <Property name="property">size</Property>
                  <Property name="editable">false</Property>
                  <Property name="align">right</Property>
                  <Property name="readOnly">true</Property>
                </DataColumn>
                <DataColumn name="percent">
                  <Property name="property">percent</Property>
                  <Property name="editable">false</Property>
                  <Property name="name">percent</Property>
                  <Property name="readOnly">true</Property>
                </DataColumn>
                <DataColumn name="status">
                  <Property name="property">status</Property>
                  <Property name="editable">false</Property>
                  <Property name="align">center</Property>
                  <Property name="readOnly">true</Property>
                </DataColumn>
                <DataColumn>
                  <Property name="property">name</Property>
                  <Property name="name">upload</Property>
                  <Property name="caption">...</Property>
                  <Property name="width">30</Property>
                  <Property name="readOnly">true</Property>
                  <Editor/>
                </DataColumn>
              </DataGrid>
              <DataSet id="dsFiles2">
                <Property name="dataType">[Files]</Property>
              </DataSet>
            </Container>
          </ControlTab>
        </TabControl>
      </ControlTab>
      <ControlTab>
        <Property name="caption">文件下载</Property>
        <Property name="iconClass">fa fa-download</Property>
        <TabControl>
          <Property name="tabPlacement">bottom</Property>
          <ControlTab>
            <Property name="caption">文件下载</Property>
            <Container>
              <ToolBar>
                <TextEditor id="fileEditor">
                  <Property name="trigger">fileDropDown</Property>
                  <Property name="editable">false</Property>
                  <Property name="blankText">请选择</Property>
                  <Property name="width">160</Property>
                </TextEditor>
                <ToolBarButton>
                  <Property name="action">onlineAction</Property>
                </ToolBarButton>
                <ToolBarButton>
                  <Property name="action">downloadAction</Property>
                </ToolBarButton>
              </ToolBar>
              <DownloadAction id="onlineAction">
                <Property name="fileProvider">myUploadProcessor#downloadInline</Property>
                <Property name="target">workspace</Property>
                <Property name="caption">尝试用浏览器预览</Property>
                <Property name="iconClass">fa fa-eye</Property>
                <Property name="parameter"></Property>
                <Property name="inlineMode">browser</Property>
              </DownloadAction>
              <DownloadAction id="downloadAction">
                <Property name="fileProvider">myUploadProcessor#download</Property>
                <Property name="caption">下载</Property>
                <Property name="iconClass">fa fa-download</Property>
                <Property name="parameter"></Property>
              </DownloadAction>
              <IFrame>
                <Property name="name">workspace</Property>
              </IFrame>
              <ListDropDown id="fileDropDown">
                <Property name="items">MyUploadProcessor.java,uploader.js,uploader.view.xml,UploadAction.pdf</Property>
                <Property name="autoOpen">true</Property>
              </ListDropDown>
            </Container>
          </ControlTab>
          <ControlTab>
            <Property name="caption">图片显示</Property>
            <SplitPanel>
              <MainControl>
                <Container>
                  <ToolBar>
                    <CheckBox id="autoShowImage">
                      <Property name="caption">自动显示</Property>
                    </CheckBox>
                    <ToolBarButton id="showImageButton">
                      <Property name="caption">显示图片</Property>
                      <Property name="iconClass">fa fa-eye</Property>
                    </ToolBarButton>
                  </ToolBar>
                  <Image id="image"/>
                </Container>
              </MainControl>
              <SideControl>
                <ListBox id="imageListBox"/>
              </SideControl>
            </SplitPanel>
          </ControlTab>
        </TabControl>
      </ControlTab>
    </VerticalTabControl>
  </View>
</ViewConfig>
