<?xml version="1.0" encoding="UTF-8"?>
<ViewConfig>
  <Arguments/>
  <Context/>
  <Model>
    <DataType name="Files">
      <PropertyDef name="id"/>
      <PropertyDef name="name">
        <Property name="label">文件名</Property>
      </PropertyDef>
      <PropertyDef name="size">
        <Property name="label">大小</Property>
      </PropertyDef>
      <PropertyDef name="percent">
        <Property name="label">进度</Property>
      </PropertyDef>
      <PropertyDef name="status">
        <Property name="label">状态</Property>
        <Property name="mapping">
          <Property name="mapValues">
            <Collection>
              <Entity>
                <Property name="value">队列中</Property>
                <Property name="key">0</Property>
              </Entity>
              <Entity>
                <Property name="value">正在上传</Property>
                <Property name="key">2</Property>
              </Entity>
              <Entity>
                <Property name="value">失败</Property>
                <Property name="key">4</Property>
              </Entity>
              <Entity>
                <Property name="value">完成</Property>
                <Property name="key">5</Property>
              </Entity>
              <Entity>
                <Property name="value"></Property>
                <Property name="key">-1</Property>
              </Entity>
            </Collection>
          </Property>
        </Property>
        <Property name="dataType">int</Property>
        <Property name="defaultValue">-1</Property>
      </PropertyDef>
    </DataType>
  </Model>
  <View>
    <Property name="packages">font-awesome</Property>
    <ToolBar>
      <ToolBarButton id="btnAdd">
        <Property name="caption">添加文件</Property>
        <Property name="action">batchUploadAction</Property>
        <Property name="iconClass">fa fa-upload</Property>
        <Property name="tags">batch</Property>
        <Property name="tip">文件选择对话框可以一次选中多个文件</Property>
      </ToolBarButton>
      <ToolBarButton id="btnDelete">
        <Property name="caption">删除文件</Property>
        <Property name="iconClass">fa fa-times</Property>
        <Property name="tags">batch</Property>
      </ToolBarButton>
      <Separator/>
      <ToolBarButton id="btnStartUpload">
        <ClientEvent name="onClick" signature="self,arg,btnStopUpload,batchUploadAction">view.set(&quot;^batch.disabled&quot;, true);&#xD;
btnStopUpload.set(&quot;disabled&quot;, false);&#xD;
batchUploadAction.start();</ClientEvent>
        <Property name="caption">开始上传</Property>
        <Property name="iconClass">fa fa-play</Property>
        <Property name="tags">batch</Property>
      </ToolBarButton>
      <ToolBarButton id="btnStopUpload">
        <Property name="caption">停止上传</Property>
        <Property name="iconClass">fa fa-stop</Property>
        <Property name="disabled">true</Property>
      </ToolBarButton>
    </ToolBar>
    <DataGrid id="gridFiles1">
      <Property name="dataSet">dsFiles1</Property>
      <Property name="selectionMode">multiRows</Property>
      <RowNumColumn/>
      <RowSelectorColumn/>
      <DataColumn name="name">
        <Property name="property">name</Property>
        <Property name="editable">false</Property>
        <Property name="readOnly">true</Property>
      </DataColumn>
      <DataColumn name="size">
        <Property name="property">size</Property>
        <Property name="editable">false</Property>
        <Property name="align">right</Property>
        <Property name="readOnly">true</Property>
      </DataColumn>
      <DataColumn name="percent">
        <Property name="property">percent</Property>
        <Property name="editable">false</Property>
        <Property name="name">percent</Property>
        <Property name="readOnly">true</Property>
      </DataColumn>
      <DataColumn name="status">
        <Property name="property">status</Property>
        <Property name="editable">false</Property>
        <Property name="align">center</Property>
        <Property name="readOnly">true</Property>
      </DataColumn>
    </DataGrid>
    <DataSet id="dsFiles1">
      <Property name="dataType">[Files]</Property>
    </DataSet>
    <UploadAction id="batchUploadAction">
      <ClientEvent name="onUploadComplete" signature="self,arg,btnStopUpload">view.set(&quot;^batch.disabled&quot;, false);&#xD;
	btnStopUpload.set(&quot;disabled&quot;, true);</ClientEvent>
      <ClientEvent name="onFileUploaded" signature="self,arg,dsFiles1">	var file = arg.file;&#xD;
	var entity = dsFiles1.getData(&quot;[@.get('id')=='&quot;+file.id+&quot;']&quot;);&#xD;
	entity.set('percent', 100);&#xD;
	entity.set('status', file.status);</ClientEvent>
      <ClientEvent name="onUploadProgress" signature="self,arg,dsFiles1">	var file = arg.file;&#xD;
	dsFiles1.getData(&quot;[@.get('id')=='&quot;+file.id+&quot;']&quot;).set('percent', file.percent);&#xD;
</ClientEvent>
      <ClientEvent name="onFilesAdded" signature="self,arg,dsFiles1">arg.files.each(function(file){&#xD;
		dsFiles1.insert({&#xD;
			id : file.id,&#xD;
			name : file.name,&#xD;
			size : file.size,&#xD;
			percent : file.percent,&#xD;
			status : file.status&#xD;
		});&#xD;
	});</ClientEvent>
      <ClientEvent name="beforeFileUpload" signature="self,arg,dsFiles1">var entity = dsFiles1.getData(&quot;[@.get('id')=='&quot;+arg.file.id+&quot;']&quot;);&#xD;
	//动态设置参数&#xD;
	self.set(&quot;parameter&quot;, {&#xD;
		fileName: entity.get(&quot;name&quot;)&#xD;
	});</ClientEvent>
      <Property name="maxFileSize">30MB</Property>
      <Property name="autoUpload">false</Property>
      <Property name="fileResolver">myUploadProcessor#process2</Property>
      <Property name="selectionMode">multiFiles</Property>
      <Filters/>
    </UploadAction>
  </View>
</ViewConfig>
